{"cameraMode":{"drawMode":0,"name":"Shaded","section":"Shading Mode"},"sceneLighting":false,"audioPlay":false,"sceneViewState":{"m_AlwaysRefresh":false,"showFog":true,"showSkybox":false,"showFlares":true,"showImageEffects":true,"showParticleSystems":true,"showVisualEffectGraphs":true,"m_FxEnabled":true},"in2DMode":false,"pivot":{"x":0.4244990348815918,"y":0.6234321594238281,"z":1.250624656677246},"rotation":{"x":0.4058293104171753,"y":-0.06500730663537979,"z":0.029429107904434205,"w":0.9117419719696045},"size":7.077969074249268,"orthographic":false}